ssid,bssid,index
ap-nttu,08:5b:0e:0f:c1:b3,0
ap2-nttu,1a:5b:0e:0f:c1:b3,1
eduroam,2a:5b:0e:0f:c1:b3,2
nttu,3a:5b:0e:0f:c1:b3,3
ap-nttu,48:3a:02:00:ac:48,4
ap2-nttu,48:3a:02:00:ac:49,5
eduroam,48:3a:02:00:ac:4a,6
ap-nttu,48:3a:02:00:ac:50,7
ap2-nttu,48:3a:02:00:ac:51,8
eduroam,48:3a:02:00:ac:52,9
nttu,48:3a:02:00:ac:53,10
ap-nttu,48:3a:02:00:b0:e8,11
ap2-nttu,48:3a:02:00:b0:e9,12
eduroam,48:3a:02:00:b0:ea,13
ap-nttu,48:3a:02:01:2e:10,14
ap2-nttu,48:3a:02:01:2e:11,15
eduroam,48:3a:02:01:2e:12,16
nttu,48:3a:02:01:2e:13,17
ap-nttu,48:3a:02:01:4e:30,18
ap2-nttu,48:3a:02:01:4e:31,19
eduroam,48:3a:02:01:4e:32,20
nttu,48:3a:02:01:4e:33,21
ap-nttu,48:3a:02:13:df:d0,22
ap2-nttu,48:3a:02:13:df:d1,23
eduroam,48:3a:02:13:df:d2,24
nttu,48:3a:02:13:df:d3,25
ap-nttu,48:3a:02:14:2b:50,26
ap2-nttu,48:3a:02:14:2b:51,27
eduroam,48:3a:02:14:2b:52,28
ap-nttu,48:3a:02:14:2d:10,29
ap2-nttu,48:3a:02:14:2f:c9,30
eduroam,48:3a:02:14:2f:ca,31
ap-nttu,48:3a:02:14:2f:d0,32
ap2-nttu,48:3a:02:14:2f:d1,33
eduroam,48:3a:02:14:2f:d2,34
nttu,48:3a:02:14:2f:d3,35
ap-nttu,48:3a:02:14:38:c8,36
ap2-nttu,48:3a:02:14:38:c9,37
eduroam,48:3a:02:14:38:ca,38
ap-nttu,48:3a:02:14:3e:08,39
ap2-nttu,48:3a:02:14:3e:09,40
eduroam,48:3a:02:14:3e:0a,41
ap-nttu,48:3a:02:14:3e:10,42
ap2-nttu,48:3a:02:14:3e:11,43
eduroam,48:3a:02:14:3e:12,44
ap-nttu,48:3a:02:14:76:10,45
ap2-nttu,48:3a:02:14:76:11,46
eduroam,48:3a:02:14:76:12,47
nttu,48:3a:02:14:76:13,48
ap-nttu,74:78:a6:00:e2:70,49
ap2-nttu,74:78:a6:00:e2:71,50
eduroam,74:78:a6:00:e2:72,51
nttu,74:78:a6:00:e2:73,52
ap-nttu,74:78:a6:00:ef:30,53
ap2-nttu,74:78:a6:00:ef:31,54
eduroam,74:78:a6:00:ef:32,55
nttu,74:78:a6:00:ef:34,56
ap-nttu,74:78:a6:95:b1:98,57
ap2-nttu,74:78:a6:95:b1:99,58
eduroam,74:78:a6:95:b1:9a,59
nttu,74:78:a6:95:b1:9b,60
ap-nttu,80:80:2c:34:db:58,61
ap2-nttu,80:80:2c:34:db:59,62
eduroam,80:80:2c:34:db:5a,63
nttu,80:80:2c:34:db:5c,64
ap-nttu,80:80:2c:34:e2:38,65
ap2-nttu,80:80:2c:34:e2:39,66
eduroam,80:80:2c:34:e2:3a,67
nttu,80:80:2c:34:e2:3c,68
ap-nttu,80:80:2c:34:e2:f8,69
ap2-nttu,80:80:2c:34:e2:f9,70
eduroam,80:80:2c:34:e2:fa,71
nttu,80:80:2c:34:e2:fc,72
ap-nttu,80:80:2c:34:e7:f8,73
ap2-nttu,80:80:2c:34:e7:f9,74
eduroam,80:80:2c:34:e7:fa,75
nttu,80:80:2c:34:e7:fc,76
ap-nttu,80:80:2c:34:e8:58,77
ap2-nttu,80:80:2c:34:e8:59,78
eduroam,80:80:2c:34:e8:5a,79
nttu,80:80:2c:34:e8:5b,80
nttu,80:80:2c:34:e8:5c,81
ap-nttu,80:80:2c:34:e9:78,82
ap2-nttu,80:80:2c:34:e9:79,83
eduroam,80:80:2c:34:e9:7a,84
nttu,80:80:2c:34:e9:7c,85
ap-nttu,80:80:2c:34:ea:78,86
ap2-nttu,80:80:2c:34:ea:79,87
eduroam,80:80:2c:34:ea:7a,88
nttu,80:80:2c:34:ea:7c,89
ap-nttu,80:80:2c:34:eb:18,90
ap2-nttu,80:80:2c:34:eb:19,91
eduroam,80:80:2c:34:eb:1a,92
nttu,80:80:2c:34:eb:1c,93
ap-nttu,80:80:2c:35:55:98,94
ap2-nttu,80:80:2c:35:55:99,95
eduroam,80:80:2c:35:55:9a,96
nttu,80:80:2c:35:55:9b,97
nttu,80:80:2c:35:55:9c,98
ap-nttu,80:80:2c:35:55:b8,99
ap2-nttu,80:80:2c:35:55:b9,100
eduroam,80:80:2c:35:55:ba,101
nttu,80:80:2c:35:55:bc,102
ap-nttu,80:80:2c:35:76:38,103
ap2-nttu,80:80:2c:35:76:39,104
eduroam,80:80:2c:35:76:3a,105
nttu,80:80:2c:35:76:3c,106
ap-nttu,80:80:2c:35:78:b8,107
ap2-nttu,80:80:2c:35:78:b9,108
eduroam,80:80:2c:35:78:ba,109
nttu,80:80:2c:35:78:bc,110
ap-nttu,80:80:2c:35:79:18,111
ap2-nttu,80:80:2c:35:79:19,112
eduroam,80:80:2c:35:79:1a,113
nttu,80:80:2c:35:79:1c,114
ap-nttu,80:80:2c:35:80:58,115
ap2-nttu,80:80:2c:35:80:59,116
eduroam,80:80:2c:35:80:5a,117
nttu,80:80:2c:35:80:5b,118
nttu,80:80:2c:35:80:5c,119
ap-nttu,80:80:2c:35:91:f8,120
ap2-nttu,80:80:2c:35:91:f9,121
eduroam,80:80:2c:35:91:fa,122
nttu,80:80:2c:35:91:fc,123
ap-nttu,80:80:2c:35:96:18,124
ap2-nttu,80:80:2c:35:96:19,125
eduroam,80:80:2c:35:96:1a,126
nttu,80:80:2c:35:96:1c,127
ap-nttu,80:80:2c:35:9a:d8,128
ap2-nttu,80:80:2c:35:9a:d9,129
eduroam,80:80:2c:35:9a:da,130
nttu,80:80:2c:35:9a:db,131
ap-nttu,80:80:2c:35:a4:f8,132
ap2-nttu,80:80:2c:35:a4:f9,133
eduroam,80:80:2c:35:a4:fa,134
nttu,80:80:2c:35:a4:fb,135
nttu,80:80:2c:35:a4:fc,136
ap-nttu,80:80:2c:35:ac:98,137
ap2-nttu,80:80:2c:35:ac:99,138
eduroam,80:80:2c:35:ac:9a,139
nttu,80:80:2c:35:ac:9b,140
nttu,80:80:2c:35:ac:9c,141
ap-nttu,80:80:2c:35:ae:f8,142
ap2-nttu,80:80:2c:35:ae:f9,143
eduroam,80:80:2c:35:ae:fa,144
nttu,80:80:2c:35:ae:fc,145
ap-nttu,80:80:2c:35:b4:d8,146
ap2-nttu,80:80:2c:35:b4:d9,147
eduroam,80:80:2c:35:b4:da,148
nttu,80:80:2c:35:b4:dc,149
ap-nttu,80:80:2c:35:bd:38,150
ap2-nttu,80:80:2c:35:bd:39,151
eduroam,80:80:2c:35:bd:3a,152
nttu,80:80:2c:35:bd:3b,153
nttu,80:80:2c:35:bd:3c,154
ap-nttu,80:80:2c:35:bf:b8,155
ap2-nttu,80:80:2c:35:bf:b9,156
eduroam,80:80:2c:35:bf:ba,157
nttu,80:80:2c:35:bf:bb,158
nttu,80:80:2c:35:bf:bc,159
ap-nttu,80:80:2c:35:c2:f8,160
ap2-nttu,80:80:2c:35:c2:f9,161
eduroam,80:80:2c:35:c2:fa,162
nttu,80:80:2c:35:c2:fc,163
ap-nttu,80:80:2c:35:d0:b8,164
ap2-nttu,80:80:2c:35:d0:b9,165
eduroam,80:80:2c:35:d0:ba,166
nttu,80:80:2c:35:d0:bb,167
nttu,80:80:2c:35:d0:bc,168
ap-nttu,80:80:2c:35:d6:78,169
ap2-nttu,80:80:2c:35:d6:79,170
eduroam,80:80:2c:35:d6:7a,171
nttu,80:80:2c:35:d6:7b,172
nttu,80:80:2c:35:d6:7c,173
ap-nttu,80:80:2c:35:d6:98,174
ap2-nttu,80:80:2c:35:d6:99,175
eduroam,80:80:2c:35:d6:9a,176
nttu,80:80:2c:35:d6:9b,177
nttu,80:80:2c:35:d6:9c,178
ap-nttu,80:80:2c:35:d6:b8,179
ap2-nttu,80:80:2c:35:d6:b9,180
eduroam,80:80:2c:35:d6:ba,181
nttu,80:80:2c:35:d6:bc,182
ap-nttu,80:80:2c:36:2e:38,183
ap2-nttu,80:80:2c:36:2e:39,184
eduroam,80:80:2c:36:2e:3a,185
nttu,80:80:2c:36:2e:3b,186
ap-nttu,80:80:2c:36:7d:38,187
ap2-nttu,80:80:2c:36:7d:39,188
eduroam,80:80:2c:36:7d:3a,189
nttu,80:80:2c:36:7d:3b,190
nttu,80:80:2c:36:7d:3c,191
ap-nttu,80:80:2c:36:7e:98,192
ap2-nttu,80:80:2c:36:7e:99,193
eduroam,80:80:2c:36:7e:9a,194
nttu,80:80:2c:36:7e:9b,195
nttu,80:80:2c:36:7e:9c,196
ap-nttu,80:80:2c:36:8c:38,197
ap2-nttu,80:80:2c:36:8c:39,198
eduroam,80:80:2c:36:8c:3a,199
nttu,80:80:2c:36:8c:3b,200
nttu,80:80:2c:36:8c:3c,201
ap-nttu,80:80:2c:36:c0:f8,202
ap2-nttu,80:80:2c:36:c0:f9,203
eduroam,80:80:2c:36:c0:fa,204
nttu,80:80:2c:36:c0:fb,205
nttu,80:80:2c:36:c0:fc,206
ap-nttu,80:80:2c:36:cb:f8,207
ap2-nttu,80:80:2c:36:cb:f9,208
eduroam,80:80:2c:36:cb:fa,209
nttu,80:80:2c:36:cb:fc,210
ap-nttu,80:80:2c:36:de:b8,211
ap2-nttu,80:80:2c:36:de:b9,212
eduroam,80:80:2c:36:de:ba,213
nttu,80:80:2c:36:de:bc,214
ap-nttu,80:80:2c:36:e8:78,215
ap2-nttu,80:80:2c:36:e8:79,216
eduroam,80:80:2c:36:e8:7a,217
nttu,80:80:2c:36:e8:7c,218
ap-nttu,80:80:2c:36:e9:b8,219
ap2-nttu,80:80:2c:36:e9:b9,220
eduroam,80:80:2c:36:e9:ba,221
nttu,80:80:2c:36:e9:bc,222
ap-nttu,80:80:2c:37:11:58,223
ap2-nttu,80:80:2c:37:11:59,224
eduroam,80:80:2c:37:11:5a,225
nttu,80:80:2c:37:11:5b,226
nttu,80:80:2c:37:11:5c,227
ap-nttu,80:80:2c:37:1f:98,228
ap2-nttu,80:80:2c:37:1f:99,229
eduroam,80:80:2c:37:1f:9a,230
nttu,80:80:2c:37:1f:9c,231
ap-nttu,80:80:2c:37:21:58,232
ap2-nttu,80:80:2c:37:21:59,233
eduroam,80:80:2c:37:21:5a,234
nttu,80:80:2c:37:21:5c,235
ap-nttu,80:80:2c:37:36:78,236
ap2-nttu,80:80:2c:37:36:79,237
eduroam,80:80:2c:37:36:7a,238
nttu,80:80:2c:37:36:7c,239
ap-nttu,90:6c:ac:03:5e:bb,240
ap-nttu,90:6c:ac:2c:74:e9,241
ap-nttu,90:6c:ac:2c:74:fb,242
ap-nttu,90:6c:ac:2c:75:9d,243
ap-nttu,90:6c:ac:2c:88:87,244
ap-nttu,90:6c:ac:2c:8c:1d,245
ap-nttu,90:6c:ac:2c:8c:53,246
ap-nttu,90:6c:ac:2c:98:87,247
ap-nttu,90:6c:ac:2c:9e:03,248
ap-nttu,90:6c:ac:2c:9e:0b,249
ap-nttu,90:6c:ac:2c:9e:27,250
ap-nttu,90:6c:ac:2c:9e:c9,251
ap-nttu,90:6c:ac:2c:9f:e9,252
ap-nttu,90:6c:ac:2c:9f:f1,253
ap-nttu,90:6c:ac:5d:c2:c3,254
ap-nttu,90:6c:ac:7d:d7:79,255
ap-nttu,90:6c:ac:7e:74:8d,256
ap-nttu,90:6c:ac:7e:7a:2d,257
ap-nttu,90:6c:ac:92:87:5d,258
ap-nttu,94:ff:3c:bf:ac:30,259
ap2-nttu,94:ff:3c:bf:ac:31,260
eduroam,94:ff:3c:bf:ac:32,261
nttu,94:ff:3c:bf:ac:33,262
nttu,94:ff:3c:bf:ac:34,263
ap-nttu,94:ff:3c:bf:c3:f0,264
ap2-nttu,94:ff:3c:bf:c3:f1,265
eduroam,94:ff:3c:bf:c3:f2,266
nttu,94:ff:3c:bf:c3:f4,267
ap-nttu,94:ff:3c:bf:ce:70,268
ap2-nttu,94:ff:3c:bf:ce:71,269
eduroam,94:ff:3c:bf:ce:72,270
nttu,94:ff:3c:bf:ce:74,271
ap-nttu,94:ff:3c:bf:f3:30,272
ap2-nttu,94:ff:3c:bf:f3:31,273
eduroam,94:ff:3c:bf:f3:32,274
nttu,94:ff:3c:bf:f3:33,275
nttu,94:ff:3c:bf:f3:34,276
ap-nttu,94:ff:3c:bf:f3:b0,277
ap2-nttu,94:ff:3c:bf:f3:b1,278
eduroam,94:ff:3c:bf:f3:b2,279
nttu,94:ff:3c:bf:f3:b4,280
ap-nttu,94:ff:3c:bf:f4:90,281
ap2-nttu,94:ff:3c:bf:f4:91,282
eduroam,94:ff:3c:bf:f4:92,283
nttu,94:ff:3c:bf:f4:94,284
ap-nttu,94:ff:3c:c0:25:50,285
ap2-nttu,94:ff:3c:c0:25:51,286
eduroam,94:ff:3c:c0:25:52,287
nttu,94:ff:3c:c0:25:53,288
nttu,94:ff:3c:c0:25:54,289
ap-nttu,94:ff:3c:c0:75:d0,290
ap2-nttu,94:ff:3c:c0:75:d1,291
eduroam,94:ff:3c:c0:75:d2,292
nttu,94:ff:3c:c0:75:d3,293
nttu,94:ff:3c:c0:75:d4,294
ap-nttu,94:ff:3c:c0:7a:30,295
ap2-nttu,94:ff:3c:c0:7a:31,296
eduroam,94:ff:3c:c0:7a:32,297
nttu,94:ff:3c:c0:7a:34,298
ap-nttu,94:ff:3c:c0:7f:f0,299
ap2-nttu,94:ff:3c:c0:7f:f1,300
eduroam,94:ff:3c:c0:7f:f2,301
nttu,94:ff:3c:c0:7f:f4,302
ap-nttu,94:ff:3c:c0:8f:b0,303
ap2-nttu,94:ff:3c:c0:8f:b1,304
eduroam,94:ff:3c:c0:8f:b2,305
nttu,94:ff:3c:c0:8f:b4,306
ap-nttu,94:ff:3c:c0:92:b0,307
ap2-nttu,94:ff:3c:c0:92:b1,308
eduroam,94:ff:3c:c0:92:b2,309
nttu,94:ff:3c:c0:92:b3,310
nttu,94:ff:3c:c0:92:b4,311
ap-nttu,94:ff:3c:c0:95:f0,312
ap2-nttu,94:ff:3c:c0:95:f1,313
eduroam,94:ff:3c:c0:95:f2,314
nttu,94:ff:3c:c0:95:f3,315
nttu,94:ff:3c:c0:95:f4,316
ap-nttu,94:ff:3c:c0:9b:70,317
ap2-nttu,94:ff:3c:c0:9b:71,318
eduroam,94:ff:3c:c0:9b:72,319
nttu,94:ff:3c:c0:9b:74,320
ap-nttu,94:ff:3c:c0:9c:70,321
ap2-nttu,94:ff:3c:c0:9c:71,322
eduroam,94:ff:3c:c0:9c:72,323
nttu,94:ff:3c:c0:9c:74,324
ap-nttu,94:ff:3c:c0:9e:70,325
ap2-nttu,94:ff:3c:c0:9e:71,326
eduroam,94:ff:3c:c0:9e:72,327
nttu,94:ff:3c:c0:9e:74,328
ap-nttu,94:ff:3c:c0:a3:d0,329
ap2-nttu,94:ff:3c:c0:a3:d1,330
eduroam,94:ff:3c:c0:a3:d2,331
nttu,94:ff:3c:c0:a3:d3,332
nttu,94:ff:3c:c0:a3:d4,333
ap2-nttu,a2:6c:ac:03:5e:bb,334
ap2-nttu,a2:6c:ac:2c:74:e9,335
ap2-nttu,a2:6c:ac:2c:74:fb,336
ap2-nttu,a2:6c:ac:2c:75:9d,337
ap2-nttu,a2:6c:ac:2c:88:87,338
ap2-nttu,a2:6c:ac:2c:8c:1d,339
ap2-nttu,a2:6c:ac:2c:8c:53,340
ap2-nttu,a2:6c:ac:2c:98:87,341
ap2-nttu,a2:6c:ac:2c:9e:03,342
ap2-nttu,a2:6c:ac:2c:9e:0b,343
ap2-nttu,a2:6c:ac:2c:9e:27,344
ap2-nttu,a2:6c:ac:2c:9e:c9,345
ap2-nttu,a2:6c:ac:2c:9f:e9,346
ap2-nttu,a2:6c:ac:2c:9f:f1,347
ap2-nttu,a2:6c:ac:5d:c2:c3,348
ap2-nttu,a2:6c:ac:7d:d7:79,349
ap2-nttu,a2:6c:ac:7e:74:8d,350
ap2-nttu,a2:6c:ac:7e:7a:2d,351
ap2-nttu,a2:6c:ac:92:84:61,352
ap2-nttu,a2:6c:ac:92:87:5d,353
ap-nttu,ac:71:2e:c5:73:38,354
ap2-nttu,ac:71:2e:c5:73:39,355
eduroam,ac:71:2e:c5:73:3a,356
nttu,ac:71:2e:c5:73:3b,357
nttu,ac:71:2e:c5:73:3c,358
ap-nttu,ac:71:2e:c5:77:98,359
ap2-nttu,ac:71:2e:c5:77:99,360
eduroam,ac:71:2e:c5:77:9a,361
nttu,ac:71:2e:c5:77:9c,362
ap-nttu,ac:71:2e:c5:78:18,363
ap2-nttu,ac:71:2e:c5:78:19,364
eduroam,ac:71:2e:c5:78:1a,365
nttu,ac:71:2e:c5:78:1b,366
nttu,ac:71:2e:c5:78:1c,367
ap-nttu,ac:71:2e:c5:7a:58,368
ap2-nttu,ac:71:2e:c5:7a:59,369
eduroam,ac:71:2e:c5:7a:5a,370
nttu,ac:71:2e:c5:7a:5b,371
nttu,ac:71:2e:c5:7a:5c,372
ap-nttu,ac:71:2e:c5:8b:b8,373
ap2-nttu,ac:71:2e:c5:8b:b9,374
eduroam,ac:71:2e:c5:8b:ba,375
nttu,ac:71:2e:c5:8b:bc,376
ap-nttu,ac:71:2e:c5:90:98,377
ap2-nttu,ac:71:2e:c5:90:99,378
eduroam,ac:71:2e:c5:90:9a,379
nttu,ac:71:2e:c5:90:9c,380
ap-nttu,ac:71:2e:c5:94:18,381
ap2-nttu,ac:71:2e:c5:94:19,382
eduroam,ac:71:2e:c5:94:1a,383
nttu,ac:71:2e:c5:94:1b,384
nttu,ac:71:2e:c5:94:1c,385
ap-nttu,ac:71:2e:c5:95:38,386
ap2-nttu,ac:71:2e:c5:95:39,387
eduroam,ac:71:2e:c5:95:3a,388
nttu,ac:71:2e:c5:95:3b,389
nttu,ac:71:2e:c5:95:3c,390
ap-nttu,ac:71:2e:c5:a1:38,391
ap2-nttu,ac:71:2e:c5:a1:39,392
eduroam,ac:71:2e:c5:a1:3a,393
nttu,ac:71:2e:c5:a1:3c,394
ap-nttu,ac:71:2e:c5:a1:58,395
ap2-nttu,ac:71:2e:c5:a1:59,396
eduroam,ac:71:2e:c5:a1:5a,397
nttu,ac:71:2e:c5:a1:5c,398
ap-nttu,ac:71:2e:c5:b9:98,399
ap2-nttu,ac:71:2e:c5:b9:99,400
eduroam,ac:71:2e:c5:b9:9a,401
nttu,ac:71:2e:c5:b9:9c,402
ap-nttu,ac:71:2e:c5:fc:78,403
ap2-nttu,ac:71:2e:c5:fc:79,404
eduroam,ac:71:2e:c5:fc:7a,405
nttu,ac:71:2e:c5:fc:7c,406
ap-nttu,ac:71:2e:c5:ff:18,407
ap2-nttu,ac:71:2e:c5:ff:19,408
eduroam,ac:71:2e:c5:ff:1a,409
nttu,ac:71:2e:c5:ff:1c,410
ap-nttu,ac:71:2e:c5:ff:38,411
ap2-nttu,ac:71:2e:c5:ff:39,412
eduroam,ac:71:2e:c5:ff:3a,413
nttu,ac:71:2e:c5:ff:3c,414
ap-nttu,ac:71:2e:c6:06:38,415
ap2-nttu,ac:71:2e:c6:06:39,416
eduroam,ac:71:2e:c6:06:3a,417
nttu,ac:71:2e:c6:06:3b,418
nttu,ac:71:2e:c6:06:3c,419
ap-nttu,ac:71:2e:c6:06:58,420
ap2-nttu,ac:71:2e:c6:06:59,421
eduroam,ac:71:2e:c6:06:5a,422
nttu,ac:71:2e:c6:06:5c,423
ap-nttu,ac:71:2e:c6:06:98,424
ap2-nttu,ac:71:2e:c6:06:99,425
eduroam,ac:71:2e:c6:06:9a,426
nttu,ac:71:2e:c6:06:9c,427
ap-nttu,ac:71:2e:c6:18:b8,428
ap2-nttu,ac:71:2e:c6:18:b9,429
eduroam,ac:71:2e:c6:18:ba,430
nttu,ac:71:2e:c6:18:bc,431
ap-nttu,ac:71:2e:c6:20:b8,432
ap2-nttu,ac:71:2e:c6:20:b9,433
eduroam,ac:71:2e:c6:20:ba,434
nttu,ac:71:2e:c6:20:bc,435
ap-nttu,ac:71:2e:c6:29:38,436
ap2-nttu,ac:71:2e:c6:29:39,437
eduroam,ac:71:2e:c6:29:3a,438
nttu,ac:71:2e:c6:29:3b,439
nttu,ac:71:2e:c6:29:3c,440
ap-nttu,ac:71:2e:c6:2e:f8,441
ap2-nttu,ac:71:2e:c6:2e:f9,442
eduroam,ac:71:2e:c6:2e:fa,443
nttu,ac:71:2e:c6:2e:fc,444
ap-nttu,ac:71:2e:c6:2f:78,445
ap2-nttu,ac:71:2e:c6:2f:79,446
eduroam,ac:71:2e:c6:2f:7a,447
nttu,ac:71:2e:c6:2f:7c,448
ap-nttu,ac:71:2e:c6:2f:f8,449
ap2-nttu,ac:71:2e:c6:2f:f9,450
eduroam,ac:71:2e:c6:2f:fa,451
nttu,ac:71:2e:c6:2f:fb,452
nttu,ac:71:2e:c6:2f:fc,453
ap-nttu,ac:71:2e:c6:34:78,454
ap2-nttu,ac:71:2e:c6:34:79,455
eduroam,ac:71:2e:c6:34:7a,456
nttu,ac:71:2e:c6:34:7c,457
ap-nttu,ac:71:2e:c6:34:f8,458
ap2-nttu,ac:71:2e:c6:34:f9,459
eduroam,ac:71:2e:c6:34:fa,460
nttu,ac:71:2e:c6:34:fc,461
ap-nttu,ac:71:2e:c6:35:58,462
ap2-nttu,ac:71:2e:c6:35:59,463
eduroam,ac:71:2e:c6:35:5a,464
nttu,ac:71:2e:c6:35:5c,465
ap-nttu,ac:71:2e:c6:43:18,466
ap2-nttu,ac:71:2e:c6:43:19,467
eduroam,ac:71:2e:c6:43:1a,468
nttu,ac:71:2e:c6:43:1c,469
ap-nttu,ac:71:2e:c6:43:58,470
ap2-nttu,ac:71:2e:c6:43:59,471
eduroam,ac:71:2e:c6:43:5a,472
nttu,ac:71:2e:c6:43:5b,473
nttu,ac:71:2e:c6:43:5c,474
ap-nttu,ac:71:2e:c6:44:58,475
ap2-nttu,ac:71:2e:c6:44:59,476
eduroam,ac:71:2e:c6:44:5a,477
nttu,ac:71:2e:c6:44:5c,478
eduroam,b2:6c:ac:03:5e:bb,479
eduroam,b2:6c:ac:2c:74:e9,480
eduroam,b2:6c:ac:2c:74:fb,481
eduroam,b2:6c:ac:2c:75:9d,482
eduroam,b2:6c:ac:2c:88:87,483
eduroam,b2:6c:ac:2c:8c:1d,484
eduroam,b2:6c:ac:2c:8c:53,485
eduroam,b2:6c:ac:2c:98:87,486
eduroam,b2:6c:ac:2c:9e:03,487
eduroam,b2:6c:ac:2c:9e:0b,488
eduroam,b2:6c:ac:2c:9e:27,489
eduroam,b2:6c:ac:2c:9e:c9,490
eduroam,b2:6c:ac:2c:9f:e9,491
eduroam,b2:6c:ac:2c:9f:f1,492
eduroam,b2:6c:ac:5d:c2:c3,493
eduroam,b2:6c:ac:7d:d7:79,494
eduroam,b2:6c:ac:7e:74:8d,495
eduroam,b2:6c:ac:7e:74:97,496
eduroam,b2:6c:ac:7e:7a:2d,497
eduroam,b2:6c:ac:92:87:5d,498
nttu,c2:6c:ac:03:5e:bb,499
nttu,c2:6c:ac:2c:74:e9,500
nttu,c2:6c:ac:2c:74:fb,501
nttu,c2:6c:ac:2c:75:9d,502
nttu,c2:6c:ac:2c:88:87,503
nttu,c2:6c:ac:2c:8c:1d,504
nttu,c2:6c:ac:2c:8c:53,505
nttu,c2:6c:ac:2c:9e:0b,506
nttu,c2:6c:ac:2c:9f:f1,507
nttu,c2:6c:ac:5d:c2:c3,508
nttu,c2:6c:ac:7d:d7:79,509
nttu,c2:6c:ac:92:87:5d,510
nttu,d2:6c:ac:5d:c2:c3,511
nttu,d2:6c:ac:7d:d7:79,512
nttu,d2:6c:ac:7e:74:8d,513
nttu,d2:6c:ac:7e:7a:2d,514
ap-nttu,e8:ed:d6:80:76:98,515
ap2-nttu,e8:ed:d6:80:76:99,516
nttu,e8:ed:d6:80:76:9b,517
ap-nttu,e8:ed:d6:81:06:d8,518
ap2-nttu,e8:ed:d6:81:06:d9,519
eduroam,e8:ed:d6:81:06:da,520
nttu,e8:ed:d6:81:06:db,521
ap-nttu,e8:ed:d6:81:5e:98,522
ap2-nttu,e8:ed:d6:81:5e:99,523
eduroam,e8:ed:d6:81:5e:9a,524
nttu,e8:ed:d6:81:5e:9b,525
ap-nttu,e8:ed:d6:81:79:b8,526
ap2-nttu,e8:ed:d6:81:79:b9,527
eduroam,e8:ed:d6:81:79:ba,528
nttu,e8:ed:d6:81:79:bb,529
nttu,e8:ed:d6:81:8f:fb,530
